HexHash,Type,Name,Symbol,Precision,Hash
0xc56f33fc6ecfcd0c225c4ab356fee59390af8560be0e930faebe74a6daff7c9b,GoverningToken,NEO,NEO,0,c56f33fc6ecfcd0c225c4ab356fee59390af8560be0e930faebe74a6daff7c9b
0x602c79718b16e442de58778e148d0b1084e3b2dffd5de6b7b16cee7969282de7,UtilityToken,GAS,GAS,8,602c79718b16e442de58778e148d0b1084e3b2dffd5de6b7b16cee7969282de7
0xceab719b8baa2310f232ee0d277c061704541cfb,NEP5,Ontology Token,ONT,8,ceab719b8baa2310f232ee0d277c061704541cfb
0x132947096727c84c7f9e076c90f08fec3bc17f18,NEP5,THEKEY Token,TKY,8,132947096727c84c7f9e076c90f08fec3bc17f18
0x81c089ab996fc89c468a26c0a88d23ae2f34b5c0,NEP5,Endorsit Shares,EDS,8,81c089ab996fc89c468a26c0a88d23ae2f34b5c0
0xecc6b20d3ccac1ee9ef109af5a7cdb85706b1df9,NEP5,Red Pulse Token,RPX,8,ecc6b20d3ccac1ee9ef109af5a7cdb85706b1df9
0xa87cc2a513f5d8b4a42432343687c2127c60bc3f,NEP5,Master Contract Token,MCT,8,a87cc2a513f5d8b4a42432343687c2127c60bc3f
0xb951ecbbc5fe37a9c280a76cb0ce0014827294cf,NEP5,DeepBrain Coin,DBC,8,b951ecbbc5fe37a9c280a76cb0ce0014827294cf
0xac116d4b8d4ca55e6b6d4ecce2192039b51cccc5,NEP5,Zeepin Token,ZPT,8,ac116d4b8d4ca55e6b6d4ecce2192039b51cccc5
0x7f86d61ff377f1b12e589a5907152b57e2ad9a7a,NEP5,ACAT Token,ACAT,8,7f86d61ff377f1b12e589a5907152b57e2ad9a7a
0x0d821bd7b6d53f5c2b40e217c6defc8bbe896cf5,NEP5,Qlink Token,QLC,8,0d821bd7b6d53f5c2b40e217c6defc8bbe896cf5
0xab38352559b8b203bde5fddfa0b07d8b2525e132,NEP5,Switcheo,SWTH,8,ab38352559b8b203bde5fddfa0b07d8b2525e132
0x78e6d16b914fe15bc16150aeb11d0c2a8e532bdd,NEP5,Switcheo,SWH,8,78e6d16b914fe15bc16150aeb11d0c2a8e532bdd
0x08e8c4400f1af2c20c28e0018f29535eb85d15b6,NEP5,Trinity Network Credit,TNC,8,08e8c4400f1af2c20c28e0018f29535eb85d15b6
0x45d493a6f73fa5f404244a5fb8472fc014ca5885,NEP5,CPX Token,CPX,8,45d493a6f73fa5f404244a5fb8472fc014ca5885
0x9577c3f972d769220d69d1c4ddbd617c44d067aa,NEP5,Galaxy Token,GALA,8,9577c3f972d769220d69d1c4ddbd617c44d067aa
0xa0777c3ce2b169d4a23bcba4565e3225a0122d95,NEP5,Aphelion,APH,8,a0777c3ce2b169d4a23bcba4565e3225a0122d95
0xde2ed49b691e76754c20fe619d891b78ef58e537,NEP5,Travala,AVA,8,de2ed49b691e76754c20fe619d891b78ef58e537
0x7f48028c38117ac9e42c8e1f6f06ae027cdbb904eaf1a0bdc30c9d81694e045c,Token,无忧宝,无忧宝,8,7f48028c38117ac9e42c8e1f6f06ae027cdbb904eaf1a0bdc30c9d81694e045c
0xacbc532904b6b51b5ea6d19b803d78af70e7e6f9,NEP5,Effect.AI Token,EFX,8,acbc532904b6b51b5ea6d19b803d78af70e7e6f9
0xed07cffad18f1308db51920d99a2af60ac66a7b3,NEP5,Phantasma,SOUL,8,ed07cffad18f1308db51920d99a2af60ac66a7b3
0xc36aee199dbba6c3f439983657558cfb67629599,NEP5,NKN,NKN,8,c36aee199dbba6c3f439983657558cfb67629599
0xe8f98440ad0d7a6e76d84fb1c3d3f8a16e162e97,NEP5,Experience Token,EXT,8,e8f98440ad0d7a6e76d84fb1c3d3f8a16e162e97
0xa52e3e99b6c2dd2312a94c635c050b4c2bc2485fcb924eecb615852bd534a63f,Token,申一币,申一币,8,a52e3e99b6c2dd2312a94c635c050b4c2bc2485fcb924eecb615852bd534a63f
0x0e86a40588f715fcaf7acd1812d50af478e6e917,NEP5,Orbis,OBT,8,0e86a40588f715fcaf7acd1812d50af478e6e917
0x2328008e6f6c7bd157a342e789389eb034d9cbc4,NEP5,Redeemable HashPuppy Token,RHT,0,2328008e6f6c7bd157a342e789389eb034d9cbc4
0x06fa8be9b6609d963e8fc63977b9f8dc5f10895f,NEP5,Loopring Neo Token,LRN,8,06fa8be9b6609d963e8fc63977b9f8dc5f10895f
0xa721d5893480260bd28ca1f395f2c465d0b5b1c2,NEP5,Narrative Token,NRVE,8,a721d5893480260bd28ca1f395f2c465d0b5b1c2
0x891daf0e1750a1031ebe23030828ad7781d874d6,NEP5,Bridge Token,IAM,8,891daf0e1750a1031ebe23030828ad7781d874d6
0xaf7c7328eee5a275a3bcaee2bf0cf662b5e739be,NEP5,Pikcio Token,PKC,8,af7c7328eee5a275a3bcaee2bf0cf662b5e739be
0x67a5086bac196b67d5fd20745b0dc9db4d2930ed,NEP5,Thor Token,THOR,8,67a5086bac196b67d5fd20745b0dc9db4d2930ed
0x025d82f7b00a9ff1cfe709abe3c4741a105d067178e645bc3ebad9bc79af47d4,Token,TestCoin,TestCoin,8,025d82f7b00a9ff1cfe709abe3c4741a105d067178e645bc3ebad9bc79af47d4
0x34579e4614ac1a7bd295372d3de8621770c76cdc,NEP5,Concierge Token,CGE,8,34579e4614ac1a7bd295372d3de8621770c76cdc
0x546c5872a992b2754ef327154f4c119baabff65f,NEP5,Block chain store,BCS,8,546c5872a992b2754ef327154f4c119baabff65f
0x07de511668e6ecc90973d713451c831d625eca229242d34debf16afa12efc1c1,Token,开拍学园币（KAC）,开拍学园币（KAC）,8,07de511668e6ecc90973d713451c831d625eca229242d34debf16afa12efc1c1
0x7cd338644833db2fd8824c410e364890d179e6f8,NEP5,APPOSTOKEN,APT,8,7cd338644833db2fd8824c410e364890d179e6f8
0xa58b56b30425d3d1f8902034996fcac4168ef71d,NEP5,Asura World Coin,ASA,8,a58b56b30425d3d1f8902034996fcac4168ef71d
0x0ab0032ade19975183c4ac90854f1f3c3fc535199831e7d8f018dabb2f35081f,Token,量子积分,量子积分,0,0ab0032ade19975183c4ac90854f1f3c3fc535199831e7d8f018dabb2f35081f
0x1b504c5fb070aaca3d57c42b5297d811fe6f5a0c5d4cd4496261417cf99013a5,Share,量子股份,量子股份,0,1b504c5fb070aaca3d57c42b5297d811fe6f5a0c5d4cd4496261417cf99013a5
0xd1e37547d88bc9607ff9d73116ebd9381c156f79,NEP5,Guardium,GDM,8,d1e37547d88bc9607ff9d73116ebd9381c156f79
0x459ef82138f528c5ff79dd67dcfe293e6a348e447ed8f6bce5b79dded2e63409,Token,赏金（SJ-Money),赏金（SJ-Money),8,459ef82138f528c5ff79dd67dcfe293e6a348e447ed8f6bce5b79dded2e63409
0x6eca2c4bd2b3ed97b2aa41b26128a40ce2bd8d1a,NEP5,Quarteria Token,XQTA,8,6eca2c4bd2b3ed97b2aa41b26128a40ce2bd8d1a
0x30e9636bc249f288139651d60f67c110c3ca4c3dd30ddfa3cbcec7bb13f14fd4,Share,申一股份,申一股份,0,30e9636bc249f288139651d60f67c110c3ca4c3dd30ddfa3cbcec7bb13f14fd4
0x439af8273fbe25fec2f5f2066679e82314fe0776d52a8c1c87e863bd831ced7d,Token,Hello AntShares Mainnet,Hello AntShares Mainnet,8,439af8273fbe25fec2f5f2066679e82314fe0776d52a8c1c87e863bd831ced7d
0x7ed4d563277f54a1535f4406e4826882287fb74d06a1a53e76d3d94d9b3b946a,Share,宝贝评级,宝贝评级,0,7ed4d563277f54a1535f4406e4826882287fb74d06a1a53e76d3d94d9b3b946a
0xdd977e41a4e9d5166003578271f191aae9de5fc2de90e966c8d19286e37fa1e1,Token,橙诺,橙诺,8,dd977e41a4e9d5166003578271f191aae9de5fc2de90e966c8d19286e37fa1e1
0x9b63fa15ed58e93339483619175064ecadbbe953436a22c31c0053dedca99833,Share,未来研究院,未来研究院,0,9b63fa15ed58e93339483619175064ecadbbe953436a22c31c0053dedca99833
0x308b0b336e2ed3d718ef92693b70d30b4fe20821265e8e76aecd04a643d0d7fa,Share,明星资本,明星资本,0,308b0b336e2ed3d718ef92693b70d30b4fe20821265e8e76aecd04a643d0d7fa
0xc39631b351c1f385afc1eafcc0ff365977b59f4aa4a09a0b7b1f5705241457b7,Share,花季股,花季股,0,c39631b351c1f385afc1eafcc0ff365977b59f4aa4a09a0b7b1f5705241457b7
0xc0b3c094efd1849c125618519ae733e3b63c976d60fc7e3d0e88af86a65047e3,Share,开拍学园,开拍学园,0,c0b3c094efd1849c125618519ae733e3b63c976d60fc7e3d0e88af86a65047e3
0x3ff74cf84869a7df96ede132de9fa62e13aa3ac8a6548e546ad316f4bda6460c,Share,币区势,币区势,0,3ff74cf84869a7df96ede132de9fa62e13aa3ac8a6548e546ad316f4bda6460c